<?xml version="1.0" encoding="UTF-8"?>
<project-private xmlns="http://www.netbeans.org/ns/project-private/1">
    <editor-bookmarks xmlns="http://www.netbeans.org/ns/editor-bookmarks/2" lastBookmarkId="0"/>
    <open-files xmlns="http://www.netbeans.org/ns/projectui-open-files/2">
        <group>
            <file>file:/C:/Users/RrReyad/Desktop/New%20folder%20(2)/Project/StudentManagementSystem/src/studentmanagementsystem/editattandence.java</file>
            <file>file:/C:/Users/RrReyad/Desktop/New%20folder%20(2)/Project/StudentManagementSystem/src/studentmanagementsystem/Attandence.java</file>
            <file>file:/C:/Users/RrReyad/Desktop/New%20folder%20(2)/Project/StudentManagementSystem/src/studentmanagementsystem/assigncourset.java</file>
            <file>file:/C:/Users/RrReyad/Desktop/New%20folder%20(2)/Project/StudentManagementSystem/src/studentmanagementsystem/Result.java</file>
            <file>file:/C:/Users/RrReyad/Desktop/New%20folder%20(2)/Project/StudentManagementSystem/src/studentmanagementsystem/editresult.java</file>
            <file>file:/C:/Users/RrReyad/Desktop/New%20folder%20(2)/Project/StudentManagementSystem/src/studentmanagementsystem/assigncourses.java</file>
            <file>file:/C:/Users/RrReyad/Desktop/New%20folder%20(2)/Project/StudentManagementSystem/src/studentmanagementsystem/TeacherPanel.java</file>
            <file>file:/C:/Users/RrReyad/Desktop/New%20folder%20(2)/Project/StudentManagementSystem/src/studentmanagementsystem/Searchstdnt.java</file>
            <file>file:/C:/Users/RrReyad/Desktop/New%20folder%20(2)/Project/StudentManagementSystem/src/studentmanagementsystem/AddTeacher.java</file>
        </group>
    </open-files>
</project-private>
